{
  "0": 0.0,
  "1": 4.5,
  "2": 5.914578914642334,
  "3": 7.078207015991211,
  "4": 8.125670433044434,
  "5": 9.102657318115234,
  "6": 10.03104305267334,
  "7": 10.923291206359863,
  "8": 11.7872953414917,
  "9": 12.628433227539062,
  "10": 13.450559616088867,
  "11": 14.25655460357666,
  "12": 15.048633575439453,
  "13": 15.82854700088501,
  "14": 16.597704887390137,
  "15": 17.357264518737793,
  "16": 18.108187675476074,
  "17": 18.851287841796875,
  "18": 19.587255001068115,
  "19": 20.31668472290039,
  "20": 21.04009246826172,
  "21": 21.757932662963867,
  "22": 22.470601081848145,
  "23": 23.178451538085938,
  "24": 23.881796836853027,
  "25": 24.58091926574707,
  "26": 25.276072025299072,
  "27": 25.96748399734497,
  "28": 26.655362606048584,
  "29": 27.33989715576172,
  "30": 28.021260261535645,
  "31": 28.699610233306885,
  "32": 29.37509298324585,
  "33": 30.047842025756836,
  "34": 30.71798324584961,
  "35": 31.385629653930664,
  "36": 32.05088806152344,
  "37": 32.71385955810547,
  "38": 33.37463569641113,
  "39": 34.033302307128906,
  "40": 34.689940452575684,
  "41": 35.344627380371094,
  "42": 35.997432708740234,
  "43": 36.6484260559082,
  "44": 37.297667503356934,
  "45": 37.945218563079834,
  "46": 38.591135025024414,
  "47": 39.235469818115234,
  "48": 39.878273010253906,
  "49": 40.519593715667725,
  "50": 41.159475326538086,
  "51": 41.797964096069336,
  "52": 42.43509769439697,
  "53": 43.07091522216797,
  "54": 43.70545673370361,
  "55": 44.33875560760498,
  "56": 44.970845222473145,
  "57": 45.60175895690918,
  "58": 46.23152732849121,
  "59": 46.86017990112305,
  "60": 47.48774528503418,
  "61": 48.11425018310547,
  "62": 48.73972034454346,
  "63": 49.36418151855469,
  "64": 49.98765754699707,
  "65": 50.6101713180542,
  "66": 51.23174476623535,
  "67": 51.852399826049805,
  "68": 52.4721565246582,
  "69": 53.091033935546875,
  "70": 53.70905303955078,
  "71": 54.32623100280762,
  "72": 54.94258499145508,
  "73": 55.558133125305176,
  "74": 56.172892570495605,
  "75": 56.7868766784668,
  "76": 57.40010452270508,
  "77": 58.01258659362793,
  "78": 58.62434196472168,
  "79": 59.23538303375244,
  "80": 59.84572124481201,
  "81": 60.45537281036377,
  "82": 61.064348220825195,
  "83": 61.672658920288086,
  "84": 62.28032112121582,
  "85": 62.88734245300293,
  "86": 63.493736267089844,
  "87": 64.09951305389404,
  "88": 64.70468139648438,
  "89": 65.30925559997559,
  "90": 65.91324234008789,
  "91": 66.51665306091309,
  "92": 67.11949634552002,
  "93": 67.72178173065186,
  "94": 68.32351875305176,
  "95": 68.92471504211426,
  "96": 69.52538013458252,
  "97": 70.12552261352539,
  "98": 70.72514915466309,
  "99": 71.32426834106445,
  "100": 71.92288780212402,
  "101": 72.52101516723633,
  "102": 73.1186580657959,
  "103": 73.71582221984863,
  "104": 74.31251621246338,
  "105": 74.90874671936035,
  "106": 75.50451946258545,
  "107": 76.09984111785889,
  "108": 76.69471836090088,
  "109": 77.28915691375732,
  "110": 77.8831615447998,
  "111": 78.47674179077148,
  "112": 79.06990146636963,
  "113": 79.66264343261719,
  "114": 80.25497913360596,
  "115": 80.84690856933594,
  "116": 81.43843841552734,
  "117": 82.0295763015747,
  "118": 82.62032318115234,
  "119": 83.21068859100342,
  "120": 83.80067253112793,
  "121": 84.39028453826904,
  "122": 84.97952556610107,
  "123": 85.56840133666992,
  "124": 86.15691661834717,
  "125": 86.7450761795044,
  "126": 87.33288192749023,
  "127": 87.92034149169922,
  "128": 88.50745677947998,
  "129": 89.0942325592041,
  "130": 89.68067169189453,
  "131": 90.26677989959717,
  "132": 90.85256004333496,
  "133": 91.43801498413086,
  "134": 92.02314949035645,
  "135": 92.60796642303467,
  "136": 93.19247055053711,
  "137": 93.77666282653809,
  "138": 94.36054992675781,
  "139": 94.9441328048706,
  "140": 95.52741622924805,
  "141": 96.11040210723877,
  "142": 96.69309425354004,
  "143": 97.2754955291748,
  "144": 97.85760879516602,
  "145": 98.43943786621094,
  "146": 99.0209846496582,
  "147": 99.60225296020508,
  "148": 100.18324565887451,
  "149": 100.76396465301514,
  "150": 101.34441375732422,
  "151": 101.92459392547607,
  "152": 102.50450897216797,
  "153": 103.08416271209717,
  "154": 103.66355514526367,
  "155": 104.24269199371338,
  "156": 104.82157325744629,
  "157": 105.40019989013672,
  "158": 105.9785795211792,
  "159": 106.5567102432251,
  "160": 107.13459396362305,
  "161": 107.71223735809326,
  "162": 108.28963851928711,
  "163": 108.86680221557617,
  "164": 109.44372844696045,
  "165": 110.02042007446289,
  "166": 110.59688091278076,
  "167": 111.17311096191406,
  "168": 111.74911308288574,
  "169": 112.32488822937012,
  "170": 112.90044212341309,
  "171": 113.4757719039917,
  "172": 114.05088233947754,
  "173": 114.62577438354492,
  "174": 115.2004508972168,
  "175": 115.7749137878418,
  "176": 116.34916305541992,
  "177": 116.9232006072998,
  "178": 117.49703025817871,
  "179": 118.07065391540527,
  "180": 118.64407157897949,
  "181": 119.21728515625,
  "182": 119.79029655456543,
  "183": 120.36310768127441,
  "184": 120.93572044372559,
  "185": 121.50813674926758,
  "186": 122.08035659790039,
  "187": 122.65238285064697,
  "188": 123.22421646118164,
  "189": 123.79585838317871,
  "190": 124.36731338500977,
  "191": 124.93857955932617,
  "192": 125.50965881347656,
  "193": 126.08055305480957,
  "194": 126.65126419067383,
  "195": 127.22179412841797,
  "196": 127.79214096069336,
  "197": 128.3623104095459,
  "198": 128.9323024749756,
  "199": 129.50211715698242,
  "200": 130.07175731658936
}
