{
  "0": 0.0,
  "1": 7.999999761581421,
  "2": 9.666954040527344,
  "3": 11.030660629272461,
  "4": 12.251029968261719,
  "5": 13.383128643035889,
  "6": 14.453680038452148,
  "7": 15.478073120117188,
  "8": 16.466145992279053,
  "9": 17.424646854400635,
  "10": 18.358448028564453,
  "11": 19.27120590209961,
  "12": 20.165750980377197,
  "13": 21.04432487487793,
  "14": 21.908742427825928,
  "15": 22.760496139526367,
  "16": 23.600833892822266,
  "17": 24.430808067321777,
  "18": 25.251317977905273,
  "19": 26.06314182281494,
  "20": 26.866952896118164,
  "21": 27.66334295272827,
  "22": 28.452834129333496,
  "23": 29.235890865325928,
  "24": 30.012924194335938,
  "25": 30.7843074798584,
  "26": 31.550373077392578,
  "27": 32.31142330169678,
  "28": 33.06773376464844,
  "29": 33.81955432891846,
  "30": 34.56711387634277,
  "31": 35.31062316894531,
  "32": 36.05027389526367,
  "33": 36.78624725341797,
  "34": 37.51870536804199,
  "35": 38.247802734375,
  "36": 38.97368240356445,
  "37": 39.69647455215454,
  "38": 40.416303634643555,
  "39": 41.13328695297241,
  "40": 41.847530364990234,
  "41": 42.55913543701172,
  "42": 43.2681999206543,
  "43": 43.97481155395508,
  "44": 44.679054260253906,
  "45": 45.38101005554199,
  "46": 46.0807523727417,
  "47": 46.778353691101074,
  "48": 47.473880767822266,
  "49": 48.16739845275879,
  "50": 48.858967781066895,
  "51": 49.548645973205566,
  "52": 50.236488342285156,
  "53": 50.92254638671875,
  "54": 51.60687255859375,
  "55": 52.28951072692871,
  "56": 52.970510482788086,
  "57": 53.64991283416748,
  "58": 54.327759742736816,
  "59": 55.00409126281738,
  "60": 55.678945541381836,
  "61": 56.352359771728516,
  "62": 57.02436828613281,
  "63": 57.695003509521484,
  "64": 58.36430072784424,
  "65": 59.03228950500488,
  "66": 59.69899940490723,
  "67": 60.36445999145508,
  "68": 61.0286979675293,
  "69": 61.691741943359375,
  "70": 62.35361576080322,
  "71": 63.01434516906738,
  "72": 63.67395305633545,
  "73": 64.33246421813965,
  "74": 64.98990058898926,
  "75": 65.64628219604492,
  "76": 66.30163192749023,
  "77": 66.95596885681152,
  "78": 67.60931396484375,
  "79": 68.26168441772461,
  "80": 68.91310119628906,
  "81": 69.56357860565186,
  "82": 70.21313571929932,
  "83": 70.86178874969482,
  "84": 71.50955390930176,
  "85": 72.15644645690918,
  "86": 72.8024845123291,
  "87": 73.44768047332764,
  "88": 74.09204864501953,
  "89": 74.7356014251709,
  "90": 75.37835693359375,
  "91": 76.02032566070557,
  "92": 76.66152000427246,
  "93": 77.30195426940918,
  "94": 77.9416389465332,
  "95": 78.58058643341064,
  "96": 79.21880722045898,
  "97": 79.85631561279297,
  "98": 80.49312019348145,
  "99": 81.12923240661621,
  "100": 81.76466178894043,
  "101": 82.3994197845459,
  "102": 83.03351402282715,
  "103": 83.66695785522461,
  "104": 84.29975891113281,
  "105": 84.93192481994629,
  "106": 85.56346702575684,
  "107": 86.19439315795898,
  "108": 86.82471084594727,
  "109": 87.45442962646484,
  "110": 88.08355903625488,
  "111": 88.71210479736328,
  "112": 89.34007549285889,
  "113": 89.96747875213623,
  "114": 90.59432220458984,
  "115": 91.22061252593994,
  "116": 91.84635734558105,
  "117": 92.47156524658203,
  "118": 93.09624099731445,
  "119": 93.72039222717285,
  "120": 94.34402465820312,
  "121": 94.9671459197998,
  "122": 95.58976173400879,
  "123": 96.21187782287598,
  "124": 96.83350086212158,
  "125": 97.45463562011719,
  "126": 98.07529067993164,
  "127": 98.69546890258789,
  "128": 99.31517791748047,
  "129": 99.93442153930664,
  "130": 100.5532054901123,
  "131": 101.17153549194336,
  "132": 101.7894172668457,
  "133": 102.4068546295166,
  "134": 103.02385330200195,
  "135": 103.64041709899902,
  "136": 104.25655364990234,
  "137": 104.87226486206055,
  "138": 105.4875545501709,
  "139": 106.10243225097656,
  "140": 106.71689701080322,
  "141": 107.3309555053711,
  "142": 107.94461250305176,
  "143": 108.55787086486816,
  "144": 109.17073631286621,
  "145": 109.78321075439453,
  "146": 110.39529991149902,
  "147": 111.00700855255127,
  "148": 111.61833763122559,
  "149": 112.22929382324219,
  "150": 112.83987998962402,
  "151": 113.45009803771973,
  "152": 114.05995464324951,
  "153": 114.6694507598877,
  "154": 115.27859115600586,
  "155": 115.88737964630127,
  "156": 116.49581909179688,
  "157": 117.10391235351562,
  "158": 117.71166229248047,
  "159": 118.3190746307373,
  "160": 118.92615032196045,
  "161": 119.53289318084717,
  "162": 120.1393051147461,
  "163": 120.74539184570312,
  "164": 121.35115432739258,
  "165": 121.95659637451172,
  "166": 122.56171989440918,
  "167": 123.16652870178223,
  "168": 123.77102470397949,
  "169": 124.37521171569824,
  "170": 124.97909164428711,
  "171": 125.58266830444336,
  "172": 126.18594360351562,
  "173": 126.78891944885254,
  "174": 127.39159774780273,
  "175": 127.99398422241211,
  "176": 128.5960807800293,
  "177": 129.19788646697998,
  "178": 129.79940605163574,
  "179": 130.40064334869385,
  "180": 131.0015983581543,
  "181": 131.60227394104004,
  "182": 132.20267295837402,
  "183": 132.80279731750488,
  "184": 133.40264892578125,
  "185": 134.00223064422607,
  "186": 134.60154342651367,
  "187": 135.20059299468994,
  "188": 135.79937744140625,
  "189": 136.39789962768555,
  "190": 136.9961643218994,
  "191": 137.59416961669922,
  "192": 138.19192123413086,
  "193": 138.78941917419434,
  "194": 139.38666343688965,
  "195": 139.983660697937,
  "196": 140.5804100036621,
  "197": 141.17691230773926,
  "198": 141.77317142486572,
  "199": 142.36918830871582,
  "200": 142.9649658203125
}
