{
  "0": 0.0,
  "1": 12.5,
  "2": 14.371851444244385,
  "3": 15.906054496765137,
  "4": 17.277523040771484,
  "5": 18.547396659851074,
  "6": 19.745702743530273,
  "7": 20.889904975891113,
  "8": 21.991256713867188,
  "9": 23.057533264160156,
  "10": 24.094379901885986,
  "11": 25.106056213378906,
  "12": 26.095870971679688,
  "13": 27.06646203994751,
  "14": 28.019965171813965,
  "15": 28.958148956298828,
  "16": 29.882490158081055,
  "17": 30.79424285888672,
  "18": 31.69447898864746,
  "19": 32.58412742614746,
  "20": 33.4639949798584,
  "21": 34.33479309082031,
  "22": 35.197147846221924,
  "23": 36.05161666870117,
  "24": 36.898698806762695,
  "25": 37.73884201049805,
  "26": 38.57244873046875,
  "27": 39.399888038635254,
  "28": 40.22149085998535,
  "29": 41.037559509277344,
  "30": 41.84837579727173,
  "31": 42.65419292449951,
  "32": 43.45524597167969,
  "33": 44.251752853393555,
  "34": 45.04391670227051,
  "35": 45.8319206237793,
  "36": 46.61594200134277,
  "37": 47.396141052246094,
  "38": 48.17266845703125,
  "39": 48.94566631317139,
  "40": 49.715267181396484,
  "41": 50.48159408569336,
  "42": 51.24476718902588,
  "43": 52.00489330291748,
  "44": 52.76207733154297,
  "45": 53.516419410705566,
  "46": 54.26801013946533,
  "47": 55.01693630218506,
  "48": 55.76328372955322,
  "49": 56.50712966918945,
  "50": 57.24854850769043,
  "51": 57.98761463165283,
  "52": 58.72439193725586,
  "53": 59.45894813537598,
  "54": 60.19134330749512,
  "55": 60.9216365814209,
  "56": 61.64988327026367,
  "57": 62.37614059448242,
  "58": 63.10045623779297,
  "59": 63.82288074493408,
  "60": 64.54346179962158,
  "61": 65.26224327087402,
  "62": 65.97926902770996,
  "63": 66.69458293914795,
  "64": 67.40822315216064,
  "65": 68.1202278137207,
  "66": 68.83063507080078,
  "67": 69.53948020935059,
  "68": 70.24679565429688,
  "69": 70.9526195526123,
  "70": 71.65697860717773,
  "71": 72.35990715026855,
  "72": 73.06143379211426,
  "73": 73.76158618927002,
  "74": 74.46039295196533,
  "75": 75.15788078308105,
  "76": 75.85407638549805,
  "77": 76.54900550842285,
  "78": 77.24268913269043,
  "79": 77.93515491485596,
  "80": 78.62642288208008,
  "81": 79.31651592254639,
  "82": 80.00545501708984,
  "83": 80.69326305389404,
  "84": 81.37995719909668,
  "85": 82.06555938720703,
  "86": 82.75008773803711,
  "87": 83.43355941772461,
  "88": 84.11599349975586,
  "89": 84.79740905761719,
  "90": 85.47782230377197,
  "91": 86.15724754333496,
  "92": 86.83570194244385,
  "93": 87.51320266723633,
  "94": 88.18976211547852,
  "95": 88.8653974533081,
  "96": 89.54012107849121,
  "97": 90.21395111083984,
  "98": 90.88689613342285,
  "99": 91.5589714050293,
  "100": 92.23019027709961,
  "101": 92.90056610107422,
  "102": 93.57011222839355,
  "103": 94.23883628845215,
  "104": 94.90675449371338,
  "105": 95.5738754272461,
  "106": 96.24021339416504,
  "107": 96.90577507019043,
  "108": 97.57057571411133,
  "109": 98.23462295532227,
  "110": 98.89792728424072,
  "111": 99.56049919128418,
  "112": 100.22234916687012,
  "113": 100.88348579406738,
  "114": 101.54391956329346,
  "115": 102.20365715026855,
  "116": 102.86271095275879,
  "117": 103.52108573913574,
  "118": 104.17879295349121,
  "119": 104.83584213256836,
  "120": 105.49223804473877,
  "121": 106.14799118041992,
  "122": 106.80310821533203,
  "123": 107.45759773254395,
  "124": 108.11146545410156,
  "125": 108.76472091674805,
  "126": 109.41737174987793,
  "127": 110.06942367553711,
  "128": 110.72088241577148,
  "129": 111.37175750732422,
  "130": 112.02205657958984,
  "131": 112.67178153991699,
  "132": 113.32094287872314,
  "133": 113.96954536437988,
  "134": 114.61759567260742,
  "135": 115.26509857177734,
  "136": 115.91206455230713,
  "137": 116.5584945678711,
  "138": 117.20439529418945,
  "139": 117.84977340698242,
  "140": 118.4946346282959,
  "141": 119.13898468017578,
  "142": 119.78282737731934,
  "143": 120.42616844177246,
  "144": 121.06901550292969,
  "145": 121.71137046813965,
  "146": 122.35324096679688,
  "147": 122.99463081359863,
  "148": 123.63554382324219,
  "149": 124.27598571777344,
  "150": 124.91596221923828,
  "151": 125.55547618865967,
  "152": 126.19453239440918,
  "153": 126.83313751220703,
  "154": 127.47129249572754,
  "155": 128.10900402069092,
  "156": 128.74627494812012,
  "157": 129.38311195373535,
  "158": 130.01951599121094,
  "159": 130.6554946899414,
  "160": 131.29104804992676,
  "161": 131.9261827468872,
  "162": 132.5609016418457,
  "163": 133.19520950317383,
  "164": 133.8291072845459,
  "165": 134.46260261535645,
  "166": 135.09569549560547,
  "167": 135.7283935546875,
  "168": 136.36069679260254,
  "169": 136.99261093139648,
  "170": 137.62413597106934,
  "171": 138.25528049468994,
  "172": 138.88604354858398,
  "173": 139.51642990112305,
  "174": 140.1464443206787,
  "175": 140.77608680725098,
  "176": 141.40536308288574,
  "177": 142.03427505493164,
  "178": 142.66282653808594,
  "179": 143.29101943969727,
  "180": 143.9188585281372,
  "181": 144.54634475708008,
  "182": 145.17348289489746,
  "183": 145.80027389526367,
  "184": 146.42671966552734,
  "185": 147.052827835083,
  "186": 147.67859745025635,
  "187": 148.3040313720703,
  "188": 148.92913341522217,
  "189": 149.55390548706055,
  "190": 150.17834854125977,
  "191": 150.80246925354004,
  "192": 151.42626571655273,
  "193": 152.04974365234375,
  "194": 152.6729030609131,
  "195": 153.29574966430664,
  "196": 153.9182834625244,
  "197": 154.54050636291504,
  "198": 155.16242218017578,
  "199": 155.78403186798096,
  "200": 156.40533924102783
}
