{
  "1": 17.999999523162842,
  "2": 20.04362201690674,
  "3": 21.725924491882324,
  "4": 23.231266021728516,
  "5": 24.62484645843506,
  "6": 25.93900203704834,
  "7": 27.192688941955566,
  "8": 28.39820671081543,
  "9": 29.56410503387451,
  "10": 30.69662094116211,
  "11": 31.80048418045044,
  "12": 32.87938213348389,
  "13": 33.93626403808594,
  "14": 34.97352886199951,
  "15": 35.9931640625,
  "16": 36.99683952331543,
  "17": 37.9859733581543,
  "18": 38.96177959442139,
  "19": 39.92531394958496,
  "20": 40.87749767303467,
  "21": 41.81913948059082,
  "22": 42.75095558166504,
  "23": 43.673583984375,
  "24": 44.58759689331055,
  "25": 45.49350929260254,
  "26": 46.39178276062012,
  "27": 47.28283977508545,
  "28": 48.16706466674805,
  "29": 49.04480743408203,
  "30": 49.9163875579834,
  "31": 50.78210258483887,
  "32": 51.64222526550293,
  "33": 52.497005462646484,
  "34": 53.34667778015137,
  "35": 54.191457748413086,
  "36": 55.03154945373535,
  "37": 55.86713790893555,
  "38": 56.69840049743652,
  "39": 57.5255012512207,
  "40": 58.348594665527344,
  "41": 59.16782569885254,
  "42": 59.98333168029785,
  "43": 60.79523849487305,
  "44": 61.603671073913574,
  "45": 62.40874195098877,
  "46": 63.21055889129639,
  "47": 64.0092248916626,
  "48": 64.80483818054199,
  "49": 65.59749126434326,
  "50": 66.38726997375488,
  "51": 67.17426013946533,
  "52": 67.95853805541992,
  "53": 68.74018478393555,
  "54": 69.51926803588867,
  "55": 70.29585838317871,
  "56": 71.07002258300781,
  "57": 71.84182357788086,
  "58": 72.61132049560547,
  "59": 73.37857151031494,
  "60": 74.14363384246826,
  "61": 74.90655899047852,
  "62": 75.66739845275879,
  "63": 76.42620086669922,
  "64": 77.18301582336426,
  "65": 77.93788623809814,
  "66": 78.69085502624512,
  "67": 79.44196701049805,
  "68": 80.19126319885254,
  "69": 80.93877792358398,
  "70": 81.6845531463623,
  "71": 82.42862510681152,
  "72": 83.1710262298584,
  "73": 83.91179275512695,
  "74": 84.65095615386963,
  "75": 85.38854789733887,
  "76": 86.12460136413574,
  "77": 86.8591423034668,
  "78": 87.5922040939331,
  "79": 88.32381057739258,
  "80": 89.05398941040039,
  "81": 89.78276824951172,
  "82": 90.51017189025879,
  "83": 91.23622417449951,
  "84": 91.9609489440918,
  "85": 92.68437194824219,
  "86": 93.4065113067627,
  "87": 94.12739181518555,
  "88": 94.84703540802002,
  "89": 95.56546115875244,
  "90": 96.28268909454346,
  "91": 96.99873924255371,
  "92": 97.7136287689209,
  "93": 98.4273796081543,
  "94": 99.1400089263916,
  "95": 99.85153198242188,
  "96": 100.56196880340576,
  "97": 101.27133369445801,
  "98": 101.97964286804199,
  "99": 102.68691539764404,
  "100": 103.39316272735596,
  "101": 104.09840202331543,
  "102": 104.8026475906372,
  "103": 105.50591278076172,
  "104": 106.20821380615234,
  "105": 106.90956211090088,
  "106": 107.60997200012207,
  "107": 108.30945682525635,
  "108": 109.00802898406982,
  "109": 109.7056999206543,
  "110": 110.40248489379883,
  "111": 111.09839248657227,
  "112": 111.79343509674072,
  "113": 112.48762512207031,
  "114": 113.18097305297852,
  "115": 113.87348937988281,
  "116": 114.565185546875,
  "117": 115.25607109069824,
  "118": 115.94615745544434,
  "119": 116.63545322418213,
  "120": 117.32396984100342,
  "121": 118.01171493530273,
  "122": 118.69869995117188,
  "123": 119.38493156433105,
  "124": 120.07042121887207,
  "125": 120.75517654418945,
  "126": 121.43920707702637,
  "127": 122.12252044677734,
  "128": 122.80512428283691,
  "129": 123.48702812194824,
  "130": 124.16823959350586,
  "131": 124.8487663269043,
  "132": 125.52861785888672,
  "133": 126.20779991149902,
  "134": 126.88631820678711,
  "135": 127.56418418884277,
  "136": 128.24140167236328,
  "137": 128.91797828674316,
  "138": 129.59392166137695,
  "139": 130.26923751831055,
  "140": 130.9439353942871,
  "141": 131.61802005767822,
  "142": 132.29149627685547,
  "143": 132.9643726348877,
  "144": 133.63665390014648,
  "145": 134.30834579467773,
  "146": 134.9794578552246,
  "147": 135.6499900817871,
  "148": 136.31995487213135,
  "149": 136.98935317993164,
  "150": 137.65819263458252,
  "151": 138.32647705078125,
  "152": 138.99421310424805,
  "153": 139.66140747070312,
  "154": 140.32806396484375,
  "155": 140.9941864013672,
  "156": 141.65978240966797,
  "157": 142.32485485076904,
  "158": 142.98941040039062,
  "159": 143.65345191955566,
  "160": 144.31698608398438,
  "161": 144.98001670837402,
  "162": 145.64254760742188,
  "163": 146.30458641052246,
  "164": 146.9661350250244,
  "165": 147.62719821929932,
  "166": 148.28778076171875,
  "167": 148.94788551330566,
  "168": 149.60751914978027,
  "169": 150.2666835784912,
  "170": 150.92538261413574,
  "171": 151.5836238861084,
  "172": 152.24140739440918,
  "173": 152.89873886108398,
  "174": 153.5556240081787,
  "175": 154.21206283569336,
  "176": 154.86806201934814,
  "177": 155.5236234664917,
  "178": 156.1787509918213,
  "179": 156.8334503173828,
  "180": 157.4877223968506,
  "181": 158.14157104492188,
  "182": 158.79500198364258,
  "183": 159.448016166687,
  "184": 160.10061836242676,
  "185": 160.75281047821045,
  "186": 161.40459728240967,
  "187": 162.05598068237305,
  "188": 162.70696640014648,
  "189": 163.3575553894043,
  "190": 164.00774955749512,
  "191": 164.65755462646484,
  "192": 165.3069725036621,
  "193": 165.95600700378418,
  "194": 166.6046600341797,
  "195": 167.2529354095459,
  "196": 167.90083408355713,
  "197": 168.54836082458496,
  "198": 169.1955165863037,
  "199": 169.8423080444336,
  "200": 170.48873138427734
}